export_id,name,franchise,filename,original_url
1,Sans,Undertale,019bd201-28c5-72b3-8eea-54d7a2d3aaef.png,https://api.websim.com/blobs/019bd201-28c5-72b3-8eea-54d7a2d3aaef.png
2,Papyrus,Undertale,019bd201-1a36-7381-85f2-612e8b7e95ca.webp,https://api.websim.com/blobs/019bd201-1a36-7381-85f2-612e8b7e95ca.webp
3,Frisk,Undertale,019bd201-0aec-70a1-b70c-535f7d9bad3c.webp,https://api.websim.com/blobs/019bd201-0aec-70a1-b70c-535f7d9bad3c.webp
4,Toriel,Undertale,019bd200-f04f-772f-9079-f9ae7f0811bf.webp,https://api.websim.com/blobs/019bd200-f04f-772f-9079-f9ae7f0811bf.webp
5,Asriel,Undertale,019bd200-da11-737a-abf5-5acaac6b0288.webp,https://api.websim.com/blobs/019bd200-da11-737a-abf5-5acaac6b0288.webp
6,Kris,Deltarune,019bd200-9d5e-7531-b51a-50383d4b670f.webp,https://api.websim.com/blobs/019bd200-9d5e-7531-b51a-50383d4b670f.webp
7,Ralsei,Deltarune,019bd200-8f0d-7568-ac9f-6301ca46384f.webp,https://api.websim.com/blobs/019bd200-8f0d-7568-ac9f-6301ca46384f.webp
8,Susie,Deltarune,019bd200-7ed7-76fe-9aba-7412e02dbb78.webp,https://api.websim.com/blobs/019bd200-7ed7-76fe-9aba-7412e02dbb78.webp
9,Tenna,Deltarune,019bd200-7118-7099-befe-acc6a927af53.webp,https://api.websim.com/blobs/019bd200-7118-7099-befe-acc6a927af53.webp
10,Mr. Krabs,Spongebob Squarepants,019bd20b-5fab-7096-8507-8a00f47f4c5c.webp,https://api.websim.com/blobs/019bd20b-5fab-7096-8507-8a00f47f4c5c.webp
11,Chip,Chip's Challenge,019bd20b-2a34-7080-9004-b1d3d2252f95.jpg,https://api.websim.com/blobs/019bd20b-2a34-7080-9004-b1d3d2252f95.jpg
12,Zhao,Zenless Zone Zeno,019bd20b-4c7e-73c9-bf03-1caf2b818347.webp,https://api.websim.com/blobs/019bd20b-4c7e-73c9-bf03-1caf2b818347.webp
13,Lucy,Fairy Tail,019bca5c-8925-7484-b1b6-f8b95e2cfbd9.webp,https://api.websim.com/blobs/019bca5c-8925-7484-b1b6-f8b95e2cfbd9.webp
14,Wendy,Fairy Tail,019bca5c-9bf6-73dd-98c8-7485026f1703.webp,https://api.websim.com/blobs/019bca5c-9bf6-73dd-98c8-7485026f1703.webp
15,Gray,Fairy Tail,019bca5c-a930-7464-8cae-981e9bf28829.webp,https://api.websim.com/blobs/019bca5c-a930-7464-8cae-981e9bf28829.webp
16,Dai Li,Avatar: The Last Airbender,019bca5c-beda-750b-ae54-8947d4c8fe05.webp,https://api.websim.com/blobs/019bca5c-beda-750b-ae54-8947d4c8fe05.webp
17,Ryu,Street Fighter,019bca5c-d089-707c-8f1c-cd2a62208165.webp,https://api.websim.com/blobs/019bca5c-d089-707c-8f1c-cd2a62208165.webp
18,Rock Volnutt,Mega Man,019bca5c-dd61-7759-b226-19e3e762bb97.webp,https://api.websim.com/blobs/019bca5c-dd61-7759-b226-19e3e762bb97.webp
19,Flik,A Bug's Life,019bca5c-e988-719a-aa70-43dd92f4468d.webp,https://api.websim.com/blobs/019bca5c-e988-719a-aa70-43dd92f4468d.webp
20,Hopper,A Bug's Life,019bca5d-050b-70d5-ae40-536d37dcdc71.webp,https://api.websim.com/blobs/019bca5d-050b-70d5-ae40-536d37dcdc71.webp
21,Hemlich,A Bug's Life,019bd21f-5608-734d-81e8-0181a3e0564f.webp,https://api.websim.com/blobs/019bd21f-5608-734d-81e8-0181a3e0564f.webp
22,Kimiko,Fortnite,019bca5d-1617-71da-91d0-fee67d615392.webp,https://api.websim.com/blobs/019bca5d-1617-71da-91d0-fee67d615392.webp
23,Joseph Joestar,Jojo's Bizarre Adventure,019bca5d-2783-750c-a0fe-febf56cfc3e3.webp,https://api.websim.com/blobs/019bca5d-2783-750c-a0fe-febf56cfc3e3.webp
24,Lisa Lisa,Jojo's Bizarre Adventure,019bca5d-3960-777b-bc98-09891dc20b58.webp,https://api.websim.com/blobs/019bca5d-3960-777b-bc98-09891dc20b58.webp
25,Kakyoin,Jojo's Bizarre Adventure,019bca5d-5514-70ad-8bf4-ad9408e66364.webp,https://api.websim.com/blobs/019bca5d-5514-70ad-8bf4-ad9408e66364.webp
26,Koichi,Jojo's Bizarre Adventure,019bca60-f981-71a9-b289-79145918f8f1.png,https://api.websim.com/blobs/019bca60-f981-71a9-b289-79145918f8f1.png
27,Josuke,Jojo's Bizarre Adventure,019bca60-dd45-753e-ad96-81be4134a956.png,https://api.websim.com/blobs/019bca60-dd45-753e-ad96-81be4134a956.png
28,Crono,Chrono Trigger,019bbdd2-b13e-75ee-9fee-c9ad5f038a31.webp,https://api.websim.com/blobs/019bbdd2-b13e-75ee-9fee-c9ad5f038a31.webp
29,Butch,Tom and Jerry,019bca64-6ec0-7678-bc57-742ae2cc4861.webp,https://api.websim.com/blobs/019bca64-6ec0-7678-bc57-742ae2cc4861.webp
30,Nicole Watterson,Amazing World of Gumball,019bca64-1db3-7163-8e95-41265dab2dbf.webp,https://api.websim.com/blobs/019bca64-1db3-7163-8e95-41265dab2dbf.webp
31,Hermione Granger,Harry Potter,019bbdc4-697d-7689-b9f4-7afc3887ffaf.jpg,https://api.websim.com/blobs/019bbdc4-697d-7689-b9f4-7afc3887ffaf.jpg
32,Harry Potter,Harry Potter,019bbdc4-12f0-702f-8f6a-bf42094cf898.webp,https://api.websim.com/blobs/019bbdc4-12f0-702f-8f6a-bf42094cf898.webp
33,Voldemort,Harry Potter,019bbdc3-f2a3-77fe-a201-f599fb0017a4.webp,https://api.websim.com/blobs/019bbdc3-f2a3-77fe-a201-f599fb0017a4.webp
34,Ron Weasly,Harry Potter,019bbdc4-37f0-76ed-b9d9-899a5b4777b3.jpg,https://api.websim.com/blobs/019bbdc4-37f0-76ed-b9d9-899a5b4777b3.jpg
35,Newt Scamander,Harry Potter,019bbdc4-2629-7459-b205-0f8b7628cc44.jpg,https://api.websim.com/blobs/019bbdc4-2629-7459-b205-0f8b7628cc44.jpg
36,Hermione (year 1),Harry Potter,019bbdc4-55c6-712c-beee-b7303f04460a.webp,https://api.websim.com/blobs/019bbdc4-55c6-712c-beee-b7303f04460a.webp
37,Ben 10 (Classic),Ben 10,019bbdc3-a7b3-777b-9355-32fda951e888.webp,https://api.websim.com/blobs/019bbdc3-a7b3-777b-9355-32fda951e888.webp
38,Goku (Super sayian),Dragon Ball Z,019bbdc3-c89d-7499-bacb-741fe699e170.webp,https://api.websim.com/blobs/019bbdc3-c89d-7499-bacb-741fe699e170.webp
39,Luz,Owl House,019bb98c-274c-77e7-9138-a0262831cb57.webp,https://api.websim.com/blobs/019bb98c-274c-77e7-9138-a0262831cb57.webp
40,The Collecter,Owl House,019bb95e-2969-7075-8e44-6e23fa752345.webp,https://api.websim.com/blobs/019bb95e-2969-7075-8e44-6e23fa752345.webp
41,Amity Blight,Owl House,019bb95e-4eb0-715a-a965-6f7cd4efd981.webp,https://api.websim.com/blobs/019bb95e-4eb0-715a-a965-6f7cd4efd981.webp
42,Eda Clawthorne,Owl House,019bb95e-6dcb-7511-bb5d-b38d9c7e5b18.webp,https://api.websim.com/blobs/019bb95e-6dcb-7511-bb5d-b38d9c7e5b18.webp
43,King,Owl House,019bb95e-a385-77f7-b00d-1fa13dd9dd92.webp,https://api.websim.com/blobs/019bb95e-a385-77f7-b00d-1fa13dd9dd92.webp
44,Mario,Super Mario,019bb95e-b984-721a-b695-14920bc881e6.webp,https://api.websim.com/blobs/019bb95e-b984-721a-b695-14920bc881e6.webp
45,Princess Peach,Super Mario,019bb95e-c902-72b0-911d-9e6ef77bc2b2.webp,https://api.websim.com/blobs/019bb95e-c902-72b0-911d-9e6ef77bc2b2.webp
46,Bowser,Super Mario,019bb95e-d621-706e-99f7-f08e78b3f657.webp,https://api.websim.com/blobs/019bb95e-d621-706e-99f7-f08e78b3f657.webp
47,Rosalina,Super Mario,019bb95e-e8f8-7208-8776-34e27a09522e.webp,https://api.websim.com/blobs/019bb95e-e8f8-7208-8776-34e27a09522e.webp
48,Ness,Earthbound,019bb95e-fbbc-72bb-bcca-0de032ef8135.webp,https://api.websim.com/blobs/019bb95e-fbbc-72bb-bcca-0de032ef8135.webp
49,Thor,Avengers,019bb95d-730b-713d-a60d-b724595a51f5.png,https://api.websim.com/blobs/019bb95d-730b-713d-a60d-b724595a51f5.png
50,Hulk,Avengers,019bb95d-638b-7268-b784-c8706c9a0b86.png,https://api.websim.com/blobs/019bb95d-638b-7268-b784-c8706c9a0b86.png
51,Aryll,Windwaker,019bb95d-5771-720d-8331-7607eeaec880.png,https://api.websim.com/blobs/019bb95d-5771-720d-8331-7607eeaec880.png
52,Twilight Sparkle,My Little Pony,019bb95d-48bc-76cf-a617-b339e51db82a.webp,https://api.websim.com/blobs/019bb95d-48bc-76cf-a617-b339e51db82a.webp
53,Naruto (Season 1),Naruto,019bb964-99ad-728b-a64d-20ba24e09c71.webp,https://api.websim.com/blobs/019bb964-99ad-728b-a64d-20ba24e09c71.webp
54,Kitty Softpaws,Puss in Boots,019bb97a-db07-774a-97cd-795f597b77d2.webp,https://api.websim.com/blobs/019bb97a-db07-774a-97cd-795f597b77d2.webp
55,Light Yagami,Death Note,019bb97a-f2dd-7477-b593-90f0efaceeae.webp,https://api.websim.com/blobs/019bb97a-f2dd-7477-b593-90f0efaceeae.webp
56,Miles Edgeworth,Ace Attourney,019bb97b-0870-7608-914c-e7c58c8d949d.webp,https://api.websim.com/blobs/019bb97b-0870-7608-914c-e7c58c8d949d.webp
57,Maya Fey,Ace Attourney,019bb97b-1d1f-735c-b566-bf3f8ab50f86.webp,https://api.websim.com/blobs/019bb97b-1d1f-735c-b566-bf3f8ab50f86.webp
58,Franziska von Karma,Ace Attourney,019bb97d-deed-724c-887a-5a4820582efe.webp,https://api.websim.com/blobs/019bb97d-deed-724c-887a-5a4820582efe.webp
59,Betty de Famme,Ace Attourney,019bb97f-810e-75d7-a215-98e8ceb9e862.webp,https://api.websim.com/blobs/019bb97f-810e-75d7-a215-98e8ceb9e862.webp
60,Godot,Ace Attourney,019bb989-d8ff-7684-befa-dc4dd4848a89.webp,https://api.websim.com/blobs/019bb989-d8ff-7684-befa-dc4dd4848a89.webp
61,Zero Suit Samus,Metroid,019bb989-c737-742a-b7d6-c7071f781c8e.webp,https://api.websim.com/blobs/019bb989-c737-742a-b7d6-c7071f781c8e.webp
62,Trixie,My Little Pony,019bb989-b1d5-778c-901e-024123d6108f.webp,https://api.websim.com/blobs/019bb989-b1d5-778c-901e-024123d6108f.webp
63,Hannah,Neopets,019bb989-a00c-75e2-9d72-5de96c0bf0f6.png,https://api.websim.com/blobs/019bb989-a00c-75e2-9d72-5de96c0bf0f6.png
64,Heffer,Rock's Modern Life,019bb90e-8081-741f-b74c-9bc5f119fb39.png,https://api.websim.com/blobs/019bb90e-8081-741f-b74c-9bc5f119fb39.png
65,Rachel Bighead,Rock's Modern Life,019bb93e-55a9-7536-9e27-38aa16fd4295.webp,https://api.websim.com/blobs/019bb93e-55a9-7536-9e27-38aa16fd4295.webp
66,Ed Bighead,Rock's Modern Life,019bb93e-67fb-70e9-b141-c826a106db16.webp,https://api.websim.com/blobs/019bb93e-67fb-70e9-b141-c826a106db16.webp
67,Monika,Doki Doki Literature Club,019bb90e-932e-77dd-8604-c93caf935763.webp,https://api.websim.com/blobs/019bb90e-932e-77dd-8604-c93caf935763.webp
68,Sayori,Doki Doki Literature Club,019bb93e-9391-73eb-bf7f-a55eb534a00d.webp,https://api.websim.com/blobs/019bb93e-9391-73eb-bf7f-a55eb534a00d.webp
69,Yuri,Doki Doki Literature Club,019bb93e-280d-7493-8e40-df962f8377a5.webp,https://api.websim.com/blobs/019bb93e-280d-7493-8e40-df962f8377a5.webp
70,Natsuki,Doki Doki Literature Club,019bb93e-7ea2-733f-a54b-a87ec5906692.webp,https://api.websim.com/blobs/019bb93e-7ea2-733f-a54b-a87ec5906692.webp
71,Phoenix Wright,Ace Attourney,019bb939-67bc-71da-8847-abffca466e3f.webp,https://api.websim.com/blobs/019bb939-67bc-71da-8847-abffca466e3f.webp
72,Tisha,Dandy's World,019bb0b5-3c01-71ff-87cc-2dc0d5cdb2ce.webp,https://api.websim.com/blobs/019bb0b5-3c01-71ff-87cc-2dc0d5cdb2ce.webp
73,Big Smoke,Grand theft Auto,019bb0b5-53b9-744c-b9c5-90de43943fb3.webp,https://api.websim.com/blobs/019bb0b5-53b9-744c-b9c5-90de43943fb3.webp
74,Cammy,Street Fighter,019bb0b4-91e1-75b8-b95a-cf8dadb09f58.webp,https://api.websim.com/blobs/019bb0b4-91e1-75b8-b95a-cf8dadb09f58.webp
75,Courier,Fallout,019bb90a-6263-7418-b737-b6529ba23a0f.jpg,https://api.websim.com/blobs/019bb90a-6263-7418-b737-b6529ba23a0f.jpg
76,Ulysses,Fallout,019bb0b4-5494-75a5-aee0-ee379c29c2c6.webp,https://api.websim.com/blobs/019bb0b4-5494-75a5-aee0-ee379c29c2c6.webp
77,Marshmallow,Frozen,019bbdc9-a5f1-750c-b060-f671b7efaf43.webp,https://api.websim.com/blobs/019bbdc9-a5f1-750c-b060-f671b7efaf43.webp
78,Osmund Saddler,Resident Evil,019bb0b4-01ed-7719-8560-ad10a473a256.webp,https://api.websim.com/blobs/019bb0b4-01ed-7719-8560-ad10a473a256.webp
79,Marth,Fire emblem (series),019bb0b3-c35f-729a-8f28-339d45381921.webp,https://api.websim.com/blobs/019bb0b3-c35f-729a-8f28-339d45381921.webp
80,Daroach,Kirby,019bb8f0-f835-71ea-b6f7-40abda4ace2e.webp,https://api.websim.com/blobs/019bb8f0-f835-71ea-b6f7-40abda4ace2e.webp
81,Waddle Dee,Kirby,019bb8e3-2041-72ed-a33d-2c4cd0f9164a.webp,https://api.websim.com/blobs/019bb8e3-2041-72ed-a33d-2c4cd0f9164a.webp
82,Mia,World Flipper,019bb908-e206-75ea-9954-c370f31c06b0.webp,https://api.websim.com/blobs/019bb908-e206-75ea-9954-c370f31c06b0.webp
83,Summer Mia,World Flipper,019baefa-ccb6-7318-9cab-8e648710aaca.png,https://api.websim.com/blobs/019baefa-ccb6-7318-9cab-8e648710aaca.png
84,Alk,World Flipper,019baef8-a2da-754f-9c48-f2ef6204f83f.webp,https://api.websim.com/blobs/019baef8-a2da-754f-9c48-f2ef6204f83f.webp
85,Teo,World Flipper,019bb907-ccdf-771f-9983-a12daa1610da.webp,https://api.websim.com/blobs/019bb907-ccdf-771f-9983-a12daa1610da.webp
86,Inaho,World Flipper,019bb908-650f-73db-ac38-add11bd79d69.jpg,https://api.websim.com/blobs/019bb908-650f-73db-ac38-add11bd79d69.jpg
87,Blaze,Sonic the Hedgehog,019bb8f1-2fbc-77bf-b78c-0809ea6ccf9d.webp,https://api.websim.com/blobs/019bb8f1-2fbc-77bf-b78c-0809ea6ccf9d.webp
88,Rise,Persona 4,019baefa-e603-7086-ac2f-595c0a23d543.webp,https://api.websim.com/blobs/019baefa-e603-7086-ac2f-595c0a23d543.webp
89,Vanellope,Wreck-It Ralph,019bae72-c629-71dc-b5e9-c133e4d97bea.webp,https://api.websim.com/blobs/019bae72-c629-71dc-b5e9-c133e4d97bea.webp
90,Fix it Felix,Wreck-It Ralph,019bae71-6e04-7049-8e9d-6a23fc8c7eae.webp,https://api.websim.com/blobs/019bae71-6e04-7049-8e9d-6a23fc8c7eae.webp
91,Calhoun,Wreck-It Ralph,019baefa-1fb0-70f8-90b7-e49b45f5f168.webp,https://api.websim.com/blobs/019baefa-1fb0-70f8-90b7-e49b45f5f168.webp
92,Pac Man,Pac-man,019bae72-8699-75ba-8b40-840d8abbc293.webp,https://api.websim.com/blobs/019bae72-8699-75ba-8b40-840d8abbc293.webp
93,Timmy Turner,Fairly Odd Parents,019bae71-3265-7158-97ab-bb8a9fb401b1.webp,https://api.websim.com/blobs/019bae71-3265-7158-97ab-bb8a9fb401b1.webp
94,Vicky,Fairly Odd Parents,019bae70-f1d1-710b-8ae4-2d5afe429d84.webp,https://api.websim.com/blobs/019bae70-f1d1-710b-8ae4-2d5afe429d84.webp
95,Natsu Dragneel,Fairy Tail,019bae70-b8ce-711c-8e30-f89a365cdb56.webp,https://api.websim.com/blobs/019bae70-b8ce-711c-8e30-f89a365cdb56.webp
96,Happy,Fairy Tail,019bae70-9c54-7039-9c2e-4dfb082f900e.webp,https://api.websim.com/blobs/019bae70-9c54-7039-9c2e-4dfb082f900e.webp
97,Katsu-Chan,Taiko No Tatsujin,019badb1-1cb3-7639-8f70-fa3f9641da42.webp,https://api.websim.com/blobs/019badb1-1cb3-7639-8f70-fa3f9641da42.webp
98,Donko,Taiko No Tatsujin,019bae72-0690-73da-8eb9-58a37c786a8c.webp,https://api.websim.com/blobs/019bae72-0690-73da-8eb9-58a37c786a8c.webp
99,Tia,Taiko No Tatsujin,019bae72-37d1-71cd-b229-3bb7f157eaa7.webp,https://api.websim.com/blobs/019bae72-37d1-71cd-b229-3bb7f157eaa7.webp
100,Agent Jones,Fortnite,019bae70-81d0-74ff-9d6b-065fdfa5ad5a.webp,https://api.websim.com/blobs/019bae70-81d0-74ff-9d6b-065fdfa5ad5a.webp
101,Raven Team Leader,Fortnite,019bae71-e919-750c-8a3f-43437b2be408.webp,https://api.websim.com/blobs/019bae71-e919-750c-8a3f-43437b2be408.webp
102,Carl Johnson,Grand theft Auto,019bae72-5823-7688-8445-f64b01fea70c.webp,https://api.websim.com/blobs/019bae72-5823-7688-8445-f64b01fea70c.webp
103,Lisa Simpson,The Simpsons,019ba60a-4e62-702f-af77-119176adbcc5.webp,https://api.websim.com/blobs/019ba60a-4e62-702f-af77-119176adbcc5.webp
104,Chun Li,Street Fighter,019ba609-949d-73c8-b651-c3a0fe11e7a9.webp,https://api.websim.com/blobs/019ba609-949d-73c8-b651-c3a0fe11e7a9.webp
105,Akuma,Street Fighter,019ba60d-327d-75fb-9247-9f176af558b3.webp,https://api.websim.com/blobs/019ba60d-327d-75fb-9247-9f176af558b3.webp
106,Dee Jay,Street Fighter,019ba601-1350-7686-a3f6-5b9dec591d9d.webp,https://api.websim.com/blobs/019ba601-1350-7686-a3f6-5b9dec591d9d.webp
107,Ayla,Chrono Trigger,019ba609-b02b-753e-8805-0a59216c3c2b.png,https://api.websim.com/blobs/019ba609-b02b-753e-8805-0a59216c3c2b.png
108,Jimmy Neutron,Jimmy Neutron,019ba612-11e5-7662-a41b-dab9aa74af95.png,https://api.websim.com/blobs/019ba612-11e5-7662-a41b-dab9aa74af95.png
109,Sheen,Jimmy Neutron,019ba609-c0e1-75b6-8588-48afd54b5bbf.webp,https://api.websim.com/blobs/019ba609-c0e1-75b6-8588-48afd54b5bbf.webp
110,Biff,Back to The Future,019ba60a-5f8a-74af-8ca0-dd983af8b8c2.jpg,https://api.websim.com/blobs/019ba60a-5f8a-74af-8ca0-dd983af8b8c2.jpg
111,Marceline,Adventure Time,019ba611-2b3b-76e6-9e32-66bf232f8cfd.webp,https://api.websim.com/blobs/019ba611-2b3b-76e6-9e32-66bf232f8cfd.webp
112,Princess Bubblegum,Adventure Time,019ba609-d481-7232-8338-c198572edb44.webp,https://api.websim.com/blobs/019ba609-d481-7232-8338-c198572edb44.webp
113,Miyu,Star Fox,019ba610-fb34-720b-bd95-df64dd8030b5.webp,https://api.websim.com/blobs/019ba610-fb34-720b-bd95-df64dd8030b5.webp
114,Clyde Fife,Ben 10,019ba610-421e-758c-810f-6a4abc667fc4.webp,https://api.websim.com/blobs/019ba610-421e-758c-810f-6a4abc667fc4.webp
115,Veemon,Digimon,019ba611-1196-7239-b71e-c43145f07b02.webp,https://api.websim.com/blobs/019ba611-1196-7239-b71e-c43145f07b02.webp
116,Takato Matsuki,Digimon,019ba610-15fc-7109-868d-b1de0a57d5b9.webp,https://api.websim.com/blobs/019ba610-15fc-7109-868d-b1de0a57d5b9.webp
117,Peter Silberman,The Terminator,019ba611-7849-74cb-a6e7-c6ced0862a7e.webp,https://api.websim.com/blobs/019ba611-7849-74cb-a6e7-c6ced0862a7e.webp
118,Elsa,Frozen,019ba60c-a7b7-732d-9852-6649e27a95cc.png,https://api.websim.com/blobs/019ba60c-a7b7-732d-9852-6649e27a95cc.png
119,Anna,Frozen,019ba60b-71b2-74e4-944c-a25ac7655c69.png,https://api.websim.com/blobs/019ba60b-71b2-74e4-944c-a25ac7655c69.png
120,Olaf,Frozen,019ba60c-ed22-75df-a6a7-50ebf31b0c0c.png,https://api.websim.com/blobs/019ba60c-ed22-75df-a6a7-50ebf31b0c0c.png
121,Hans,Frozen,019ba60e-818a-7701-a29a-5e1c1cf9b178.webp,https://api.websim.com/blobs/019ba60e-818a-7701-a29a-5e1c1cf9b178.webp
122,Teddie,Persona 4,019bb0a9-76ae-77ef-9f2b-6d7f4e60aecf.webp,https://api.websim.com/blobs/019bb0a9-76ae-77ef-9f2b-6d7f4e60aecf.webp
123,Freya,Final fantasy IX,019ba60d-1849-70aa-afc8-d24215e99811.webp,https://api.websim.com/blobs/019ba60d-1849-70aa-afc8-d24215e99811.webp
124,Duke of Weselton,Frozen,019ba60e-b3c1-723c-a7f2-71895d4ba2a8.webp,https://api.websim.com/blobs/019ba60e-b3c1-723c-a7f2-71895d4ba2a8.webp
125,Gatomon,Digimon,019ba60c-bea6-72c8-9683-00cc358301a9.webp,https://api.websim.com/blobs/019ba60c-bea6-72c8-9683-00cc358301a9.webp
126,Black Rock Shooter,Black Rock Shooter,019ba60a-d3b0-7418-9f9a-c2502c26bb73.jpg,https://api.websim.com/blobs/019ba60a-d3b0-7418-9f9a-c2502c26bb73.jpg
127,Ada Wong,Resident Evil,019ba60a-35af-704f-ba1d-293a5595a621.webp,https://api.websim.com/blobs/019ba60a-35af-704f-ba1d-293a5595a621.webp
128,Punch and Judy,Cowboy Bebop,019ba60d-d95b-71ef-a9ef-7f5e7dcc09f4.webp,https://api.websim.com/blobs/019ba60d-d95b-71ef-a9ef-7f5e7dcc09f4.webp
129,Jet Black,Cowboy Bebop,019ba60c-8000-76c5-ac98-9eff79b9042b.webp,https://api.websim.com/blobs/019ba60c-8000-76c5-ac98-9eff79b9042b.webp
130,Rue,The Hunger Games,019ba60f-975c-775e-821d-a798853ac43a.webp,https://api.websim.com/blobs/019ba60f-975c-775e-821d-a798853ac43a.webp
131,Alice Hardy,Friday: The 13th,019ba60e-d525-7438-a61e-9ec029b876ea.webp,https://api.websim.com/blobs/019ba60e-d525-7438-a61e-9ec029b876ea.webp
132,Nekomata Okayu,Youtube Icons,019ba60a-a2fb-71bb-9612-c500739cf3e8.png,https://api.websim.com/blobs/019ba60a-a2fb-71bb-9612-c500739cf3e8.png
133,Inugami Korone,Youtube Icons,019ba60b-8c5c-748f-a874-08bf219cca66.webp,https://api.websim.com/blobs/019ba60b-8c5c-748f-a874-08bf219cca66.webp
134,Yosuke,Persona 4,019ba3a3-bd78-75ab-aea4-ea6dc95990a0.webp,https://api.websim.com/blobs/019ba3a3-bd78-75ab-aea4-ea6dc95990a0.webp
135,Chie,Persona 4,019ba1c4-4983-7179-b1f9-6af9923acb9d.webp,https://api.websim.com/blobs/019ba1c4-4983-7179-b1f9-6af9923acb9d.webp
136,Yukiko,Persona 4,019ba1c4-5abe-73fa-99d7-78e074a409f1.webp,https://api.websim.com/blobs/019ba1c4-5abe-73fa-99d7-78e074a409f1.webp
137,Kanji,Persona 4,019ba1c3-ae5d-746a-ac13-d8191d3756c3.webp,https://api.websim.com/blobs/019ba1c3-ae5d-746a-ac13-d8191d3756c3.webp
138,Adachi,Persona 4,019ba1c3-c719-74c7-84d1-4a31166cce28.webp,https://api.websim.com/blobs/019ba1c3-c719-74c7-84d1-4a31166cce28.webp
139,Crocodile,One Piece,019ba1c4-2efe-745a-aaa6-810583658e8f.webp,https://api.websim.com/blobs/019ba1c4-2efe-745a-aaa6-810583658e8f.webp
140,Zidane,Final fantasy IX,019ba1c4-6c9f-7615-96bc-282d10e47ad2.webp,https://api.websim.com/blobs/019ba1c4-6c9f-7615-96bc-282d10e47ad2.webp
141,Kuja,Final fantasy IX,019ba1c3-7551-73f1-b545-c882e719c81c.png,https://api.websim.com/blobs/019ba1c3-7551-73f1-b545-c882e719c81c.png
142,Dudley Puppy,TUFF Puppy,019ba1af-3e38-73cf-86f1-35c85622bc8d.webp,https://api.websim.com/blobs/019ba1af-3e38-73cf-86f1-35c85622bc8d.webp
143,The Chief,TUFF Puppy,019ba1af-55d3-71b6-a74a-aefbc21621e2.webp,https://api.websim.com/blobs/019ba1af-55d3-71b6-a74a-aefbc21621e2.webp
144,Professor Membrane,Invader Zim,019ba1ae-f998-7351-ae43-e1b40349c756.webp,https://api.websim.com/blobs/019ba1ae-f998-7351-ae43-e1b40349c756.webp
145,Kirby,Kirby,019ba1af-6639-73eb-af48-21cc281aea4e.png,https://api.websim.com/blobs/019ba1af-6639-73eb-af48-21cc281aea4e.png
146,Bulma,Dragon Ball Z,019ba1ae-e82f-70ce-8a0c-d27b67ffc58a.webp,https://api.websim.com/blobs/019ba1ae-e82f-70ce-8a0c-d27b67ffc58a.webp
147,Meta Knight,Kirby,019ba1ae-d788-739e-93f2-8495162cc585.webp,https://api.websim.com/blobs/019ba1ae-d788-739e-93f2-8495162cc585.webp
148,Marx,Kirby,019ba1af-1677-7277-9abe-78f52276474e.webp,https://api.websim.com/blobs/019ba1af-1677-7277-9abe-78f52276474e.webp
149,Adeleine,Kirby,019ba1ae-c659-714f-8579-6a27371691ed.webp,https://api.websim.com/blobs/019ba1ae-c659-714f-8579-6a27371691ed.webp
150,Mike Sunderland,Backrooms: Redacted,019b99c9-36ed-730c-9195-e1ef4535a098.webp,https://api.websim.com/blobs/019b99c9-36ed-730c-9195-e1ef4535a098.webp
151,Phoebe,Backrooms: Redacted,019b99ae-1dd4-70db-9dfe-b74b44846884.webp,https://api.websim.com/blobs/019b99ae-1dd4-70db-9dfe-b74b44846884.webp
152,Invader Zim,Invader Zim,019b99c9-06b1-76c3-87f8-d4e7a4c01acc.webp,https://api.websim.com/blobs/019b99c9-06b1-76c3-87f8-d4e7a4c01acc.webp
153,Winnie the Pooh,Winnie the Pooh,019b99c5-776f-722e-b0ca-b79244e8974c.webp,https://api.websim.com/blobs/019b99c5-776f-722e-b0ca-b79244e8974c.webp
154,Gaz,Invader Zim,019b99c8-f4d5-70dc-bbec-7d2069d9c168.webp,https://api.websim.com/blobs/019b99c8-f4d5-70dc-bbec-7d2069d9c168.webp
155,Toothless,How to Train your Dragon,019b99c9-1b1f-713a-9e49-2c5e7fc0ff5f.webp,https://api.websim.com/blobs/019b99c9-1b1f-713a-9e49-2c5e7fc0ff5f.webp
156,Puppycorn,Unikitty!,019b99c9-74d1-725a-bb37-b70f71e0e695.webp,https://api.websim.com/blobs/019b99c9-74d1-725a-bb37-b70f71e0e695.webp
157,Wolfychu,Youtube Icons,019b99c9-45bc-7029-b69e-8054fa4b6893.jpg,https://api.websim.com/blobs/019b99c9-45bc-7029-b69e-8054fa4b6893.jpg
158,Spongebob SquarePants,Spongebob Squarepants,019b9603-70ce-74af-bf3a-a9d2a03b2a29.webp,https://api.websim.com/blobs/019b9603-70ce-74af-bf3a-a9d2a03b2a29.webp
159,Patrick,Spongebob Squarepants,019b9603-406f-7473-ac28-619971d37221.webp,https://api.websim.com/blobs/019b9603-406f-7473-ac28-619971d37221.webp
160,Sandy Cheeks,Spongebob Squarepants,019b9603-542e-721e-9da6-847f05f6c672.webp,https://api.websim.com/blobs/019b9603-542e-721e-9da6-847f05f6c672.webp
161,Squidward Tentacles,Spongebob Squarepants,019b9603-a9cc-72d0-9679-d0d6f46668e1.webp,https://api.websim.com/blobs/019b9603-a9cc-72d0-9679-d0d6f46668e1.webp
162,Yu Narukami,Persona 4,019b9603-8bcf-7336-96cb-8f8874c17afa.webp,https://api.websim.com/blobs/019b9603-8bcf-7336-96cb-8f8874c17afa.webp
163,Homer Simpson,The Simpsons,019b960f-d87a-74bb-9d24-8e69dfe586a9.png,https://api.websim.com/blobs/019b960f-d87a-74bb-9d24-8e69dfe586a9.png
164,ANais Watterson,Amazing World of Gumball,019b95ff-1a31-7119-8a62-2ea6c01e84de.webp,https://api.websim.com/blobs/019b95ff-1a31-7119-8a62-2ea6c01e84de.webp
165,Darwin,Amazing World of Gumball,019b95ff-2a11-702e-a173-da9c7b19c7c8.webp,https://api.websim.com/blobs/019b95ff-2a11-702e-a173-da9c7b19c7c8.webp
166,Charmcaster,Ben 10,019b95dd-b5f6-7044-a22e-e885279fc6ff.webp,https://api.websim.com/blobs/019b95dd-b5f6-7044-a22e-e885279fc6ff.webp
167,Protoman,Mega Man,019b95d7-110d-7471-9422-4f27e23f5f0f.webp,https://api.websim.com/blobs/019b95d7-110d-7471-9422-4f27e23f5f0f.webp
168,Bass,Mega Man,019b95d9-1357-724c-8990-0620564a26ab.webp,https://api.websim.com/blobs/019b95d9-1357-724c-8990-0620564a26ab.webp
169,M. Bison,Street Fighter,019b95de-d0f0-77ef-995e-dba2e9a333d5.webp,https://api.websim.com/blobs/019b95de-d0f0-77ef-995e-dba2e9a333d5.webp
170,Wolf,Star Fox,019b95ff-9ea9-7064-a581-bfa318bebffa.webp,https://api.websim.com/blobs/019b95ff-9ea9-7064-a581-bfa318bebffa.webp
171,Betilla,Rayman,019b95dd-8fc5-7029-abaa-7fb4f50d15e9.png,https://api.websim.com/blobs/019b95dd-8fc5-7029-abaa-7fb4f50d15e9.png
172,The Magician,Rayman,019b95ff-534e-73ae-bca0-2cea79983180.png,https://api.websim.com/blobs/019b95ff-534e-73ae-bca0-2cea79983180.png
173,Peppy Hare,Star Fox,019b95dd-625b-7020-a6e3-bb1f7d201eae.webp,https://api.websim.com/blobs/019b95dd-625b-7020-a6e3-bb1f7d201eae.webp
174,Robo,Chrono Trigger,019b95de-e960-760b-b5af-cdd94107e5ea.webp,https://api.websim.com/blobs/019b95de-e960-760b-b5af-cdd94107e5ea.webp
175,Gabimaru,Hell's Paradise,019b95ff-7d03-7328-b7f6-3ad2eed7a80d.webp,https://api.websim.com/blobs/019b95ff-7d03-7328-b7f6-3ad2eed7a80d.webp
176,Yuzuriha,Hell's Paradise,019b95d2-05d4-75ed-99e0-aa589da97438.webp,https://api.websim.com/blobs/019b95d2-05d4-75ed-99e0-aa589da97438.webp
177,Gumball,Amazing World of Gumball,019b95dd-ce76-70b5-b2bf-785a0c9ce80d.webp,https://api.websim.com/blobs/019b95dd-ce76-70b5-b2bf-785a0c9ce80d.webp
178,Kitty Katswell,TUFF Puppy,019b95b1-bb11-776a-9711-fcf72b84967d.webp,https://api.websim.com/blobs/019b95b1-bb11-776a-9711-fcf72b84967d.webp
179,Kairi,Kingdom Hearts,019b95b1-ca05-7522-bb54-601685530141.webp,https://api.websim.com/blobs/019b95b1-ca05-7522-bb54-601685530141.webp
180,Krystal,Star Fox,019ba5d7-42d4-758b-9abc-f3e72c927f93.webp,https://api.websim.com/blobs/019ba5d7-42d4-758b-9abc-f3e72c927f93.webp
181,Fox Mccloud,Star Fox,019b95b2-12a9-75ea-9fc8-22eadfe852db.webp,https://api.websim.com/blobs/019b95b2-12a9-75ea-9fc8-22eadfe852db.webp
182,Sally,ATLYSS,019b959d-18a7-7025-ab54-8a7bba9ad243.webp,https://api.websim.com/blobs/019b959d-18a7-7025-ab54-8a7bba9ad243.webp
183,Victini,Pokemon,019b959d-fff5-75ab-adf6-c0709ce056b0.png,https://api.websim.com/blobs/019b959d-fff5-75ab-adf6-c0709ce056b0.png
184,"Reshiram, Zekrom, and Kyurem",Pokemon,019b959c-e44f-70ab-8bdf-6ecdfd9d8510.webp,https://api.websim.com/blobs/019b959c-e44f-70ab-8bdf-6ecdfd9d8510.webp
185,Magus,Chrono Trigger,019b959d-38b6-710e-a50d-0b528e4e432a.webp,https://api.websim.com/blobs/019b959d-38b6-710e-a50d-0b528e4e432a.webp
186,Garnet,Final fantasy IX,019b959d-489f-7139-a6e0-93a4cd3f72b9.webp,https://api.websim.com/blobs/019b959d-489f-7139-a6e0-93a4cd3f72b9.webp
187,Braixen,Pokemon,019b959e-b63c-7427-887e-0cd7b9f6750b.png,https://api.websim.com/blobs/019b959e-b63c-7427-887e-0cd7b9f6750b.png
188,Sora,Kingdom Hearts,019b9584-2f66-76b7-9695-7b6d78ee172a.webp,https://api.websim.com/blobs/019b9584-2f66-76b7-9695-7b6d78ee172a.webp
189,Toulouse,The Aristocats,019b9563-cd4b-77b9-8c31-1c00a083e487.webp,https://api.websim.com/blobs/019b9563-cd4b-77b9-8c31-1c00a083e487.webp
190,Berlioz,The Aristocats,019b9584-463a-7388-b883-e308feddd468.webp,https://api.websim.com/blobs/019b9584-463a-7388-b883-e308feddd468.webp
191,Cait Sith,Final Fantasy VII,019b9567-5120-70af-97eb-a9685e20a833.webp,https://api.websim.com/blobs/019b9567-5120-70af-97eb-a9685e20a833.webp
192,Riku,Kingdom Hearts,019b9584-78f3-776e-80b4-a0928b097d5f.webp,https://api.websim.com/blobs/019b9584-78f3-776e-80b4-a0928b097d5f.webp
193,Kraid,Metroid,019b9584-97d7-769b-9c39-5d95e448f805.webp,https://api.websim.com/blobs/019b9584-97d7-769b-9c39-5d95e448f805.webp
194,Sylux,Metroid,019b9584-b0f3-7598-9ea2-905b6768aec5.webp,https://api.websim.com/blobs/019b9584-b0f3-7598-9ea2-905b6768aec5.webp
195,Finn,Adventure Time,019b9584-c1fd-7627-8126-ee979548d358.webp,https://api.websim.com/blobs/019b9584-c1fd-7627-8126-ee979548d358.webp
196,Jake,Adventure Time,019b9571-6b42-77b7-b187-dd797eb42a52.webp,https://api.websim.com/blobs/019b9571-6b42-77b7-b187-dd797eb42a52.webp
197,Boa Hancock,One Piece,019b9584-6315-750f-ae1b-7f43c4ebde07.webp,https://api.websim.com/blobs/019b9584-6315-750f-ae1b-7f43c4ebde07.webp
198,Death,Puss in Boots,019b9584-d6f2-7668-bcfe-2fb73f2cc297.webp,https://api.websim.com/blobs/019b9584-d6f2-7668-bcfe-2fb73f2cc297.webp
199,Jonathan Joestar,Jojo's Bizarre Adventure,019b9579-d2be-76e8-8b8b-22d43f0a47d0.webp,https://api.websim.com/blobs/019b9579-d2be-76e8-8b8b-22d43f0a47d0.webp
200,Jotaro Kujo,Jojo's Bizarre Adventure,019b9585-022f-709a-affa-30f566b58ab2.webp,https://api.websim.com/blobs/019b9585-022f-709a-affa-30f566b58ab2.webp
201,Gum,Jet Set Radio,019b9453-9f47-717d-b139-d14de05b4cd6.webp,https://api.websim.com/blobs/019b9453-9f47-717d-b139-d14de05b4cd6.webp
202,Beat,Jet Set Radio,019b9453-78ec-7582-a92b-ae0ddc20673b.webp,https://api.websim.com/blobs/019b9453-78ec-7582-a92b-ae0ddc20673b.webp
203,Dj Professor K,Jet Set Radio,019b9453-1f95-710d-8b65-c34623218cfc.webp,https://api.websim.com/blobs/019b9453-1f95-710d-8b65-c34623218cfc.webp
204,Marle,Chrono Trigger,019b9453-b90f-73fd-97f1-00504e4b04ef.webp,https://api.websim.com/blobs/019b9453-b90f-73fd-97f1-00504e4b04ef.webp
205,Lucca,Chrono Trigger,019b9452-5e15-77d8-8855-04eb8ed56c5a.webp,https://api.websim.com/blobs/019b9452-5e15-77d8-8855-04eb8ed56c5a.webp
206,Ralph,Wreck-It Ralph,019b9560-002c-74b8-8d12-de7a00dcc2a2.webp,https://api.websim.com/blobs/019b9560-002c-74b8-8d12-de7a00dcc2a2.webp
207,Kazeto Nekoshima,Gacha World,019b9395-e5bc-72cd-9125-79e3e061c883.webp,https://api.websim.com/blobs/019b9395-e5bc-72cd-9125-79e3e061c883.webp
208,Valentino,Hazbin Hotel,019b9396-26fa-7478-b238-74796d8c183f.webp,https://api.websim.com/blobs/019b9396-26fa-7478-b238-74796d8c183f.webp
209,Honey the Cat,Sonic the Hedgehog,019b9394-051a-705e-8c81-d6e99fe7a84c.webp,https://api.websim.com/blobs/019b9394-051a-705e-8c81-d6e99fe7a84c.webp
210,Iron Man,Avengers,019b9396-4644-771b-a37d-a239810f56b4.webp,https://api.websim.com/blobs/019b9396-4644-771b-a37d-a239810f56b4.webp
211,Captain America,Avengers,019b9397-52aa-7439-a439-b01ff164e6be.webp,https://api.websim.com/blobs/019b9397-52aa-7439-a439-b01ff164e6be.webp
212,Black Panther,Avengers,019b9396-0e65-7018-9df7-ccc34dafa472.png,https://api.websim.com/blobs/019b9396-0e65-7018-9df7-ccc34dafa472.png
213,Squirrel Girl,Avengers,019b9396-622a-728b-891c-0f6c62429d62.webp,https://api.websim.com/blobs/019b9396-622a-728b-891c-0f6c62429d62.webp
214,Panda,Jujutsu Kaisen,019b5e86-574d-72c7-8570-7799eebd0e9c.webp,https://api.websim.com/blobs/019b5e86-574d-72c7-8570-7799eebd0e9c.webp
215,Tifa Lockhart,Final Fantasy VII,019b5e86-1abb-75f3-ba18-1dc7375923d3.png,https://api.websim.com/blobs/019b5e86-1abb-75f3-ba18-1dc7375923d3.png
216,Cream the Rabbit,Sonic the Hedgehog,019b6196-2f97-71af-b15a-deeebb09aca5.webp,https://api.websim.com/blobs/019b6196-2f97-71af-b15a-deeebb09aca5.webp
217,Marie,The Aristocats,019b5e86-0c01-7147-8363-3cb87153724a.webp,https://api.websim.com/blobs/019b5e86-0c01-7147-8363-3cb87153724a.webp
218,Mother Brain,Metroid,019b5e85-fcec-71a2-bca5-b63193157f86.webp,https://api.websim.com/blobs/019b5e85-fcec-71a2-bca5-b63193157f86.webp
219,Vicious,Cowboy Bebop,019b5e85-eab5-7753-9525-a4ebaf88573c.webp,https://api.websim.com/blobs/019b5e85-eab5-7753-9525-a4ebaf88573c.webp
220,Qian Sui,Gunfire Reborn,019b5e66-aab6-7488-970a-cfb52cecee02.jpg,https://api.websim.com/blobs/019b5e66-aab6-7488-970a-cfb52cecee02.jpg
221,Goofy,Mickey Mouse,019b5e66-e346-752f-b1a2-cf2b3f5efc33.webp,https://api.websim.com/blobs/019b5e66-e346-752f-b1a2-cf2b3f5efc33.webp
222,Dr. Light,Mega Man,019b5e6f-56c4-7019-ac01-684743280ef5.jpg,https://api.websim.com/blobs/019b5e6f-56c4-7019-ac01-684743280ef5.jpg
223,Tetra,Windwaker,019b5e6f-761f-75a8-a96a-2848a22b4ab1.webp,https://api.websim.com/blobs/019b5e6f-761f-75a8-a96a-2848a22b4ab1.webp
224,Marge Simpson,The Simpsons,019b5e67-3303-77c9-bfcb-fb4c7e1a386d.jpg,https://api.websim.com/blobs/019b5e67-3303-77c9-bfcb-fb4c7e1a386d.jpg
225,Cloud Strife,Final Fantasy VII,019b5e66-bbaa-77e8-a566-60356c8b0b00.png,https://api.websim.com/blobs/019b5e66-bbaa-77e8-a566-60356c8b0b00.png
226,Spike Spiegel,Cowboy Bebop,019b5d08-46af-7529-aecd-937e0c56d4f8.webp,https://api.websim.com/blobs/019b5d08-46af-7529-aecd-937e0c56d4f8.webp
227,Faye Valentine,Cowboy Bebop,019b5d07-0c48-76e3-8ef4-5dcd72749b85.webp,https://api.websim.com/blobs/019b5d07-0c48-76e3-8ef4-5dcd72749b85.webp
228,Bane,Batman: The Animated Series,019b5ced-5d7a-706c-ad62-a2822a07b013.webp,https://api.websim.com/blobs/019b5ced-5d7a-706c-ad62-a2822a07b013.webp
229,Nitro,Batman: The Animated Series,019b5cec-4f5d-75c8-bb67-4ac7b7fb4f8e.webp,https://api.websim.com/blobs/019b5cec-4f5d-75c8-bb67-4ac7b7fb4f8e.webp
230,Rayman,Rayman,019b5cec-6801-713e-b597-47d8d60797b0.png,https://api.websim.com/blobs/019b5cec-6801-713e-b597-47d8d60797b0.png
231,Gwen Tennyson,Ben 10,019b5cec-2f88-7199-9b7a-fdf155094fd7.webp,https://api.websim.com/blobs/019b5cec-2f88-7199-9b7a-fdf155094fd7.webp
232,Kevin Levin,Ben 10,019b5cec-0fda-76ab-a7fa-d6f2b9de7cbe.webp,https://api.websim.com/blobs/019b5cec-0fda-76ab-a7fa-d6f2b9de7cbe.webp
233,Ju Fu Fu,Zenless Zone Zeno,019b5cec-2212-71d9-865b-bb87031b0c8e.webp,https://api.websim.com/blobs/019b5cec-2212-71d9-865b-bb87031b0c8e.webp
234,Ren,Ren And Stimpy,019b5ccc-adf6-7042-85db-1d28d699f736.webp,https://api.websim.com/blobs/019b5ccc-adf6-7042-85db-1d28d699f736.webp
235,Stimpy,Ren And Stimpy,019b5cc5-72cc-7605-8280-85305fe6e29c.webp,https://api.websim.com/blobs/019b5cc5-72cc-7605-8280-85305fe6e29c.webp
236,Naruto Uzumaki,Naruto,019b5ccc-93dc-7779-a03b-5cb46d095907.webp,https://api.websim.com/blobs/019b5ccc-93dc-7779-a03b-5cb46d095907.webp
237,Usopp,One Piece,019b5ccc-7209-730b-b885-bd45f5031579.webp,https://api.websim.com/blobs/019b5ccc-7209-730b-b885-bd45f5031579.webp
238,Kristoff,Frozen,019b5cec-dd62-7409-8b9b-c878ff7c0a6d.webp,https://api.websim.com/blobs/019b5cec-dd62-7409-8b9b-c878ff7c0a6d.webp
239,Riolu,Pokemon,019b5ced-6ea2-72f5-bbc4-8cd3450efd73.png,https://api.websim.com/blobs/019b5ced-6ea2-72f5-bbc4-8cd3450efd73.png
240,Meilin Lee,Turning Red,019b5c2c-3e98-766b-99b2-91515718f46c.webp,https://api.websim.com/blobs/019b5c2c-3e98-766b-99b2-91515718f46c.webp
241,Yoda,Star Wars,019b5c21-244d-738c-9876-95267c7e62ff.webp,https://api.websim.com/blobs/019b5c21-244d-738c-9876-95267c7e62ff.webp
242,Zoro,One Piece,019b5c21-310f-77af-adc4-0668afbd6341.jpg,https://api.websim.com/blobs/019b5c21-310f-77af-adc4-0668afbd6341.jpg
243,Sakura Haruno,Naruto,019b5c21-0115-740a-a4ed-cc89e24cbdcf.jpg,https://api.websim.com/blobs/019b5c21-0115-740a-a4ed-cc89e24cbdcf.jpg
244,Luffy,One Piece,019b5c2b-cbbe-725d-ae7c-4e15d9c07206.webp,https://api.websim.com/blobs/019b5c2b-cbbe-725d-ae7c-4e15d9c07206.webp
245,Gertie,E.T. the Extra-Terrestrial,019b5bfb-5c61-70d1-92f9-70319d2538f4.webp,https://api.websim.com/blobs/019b5bfb-5c61-70d1-92f9-70319d2538f4.webp
246,Mickey Mouse,Mickey Mouse,019b5c00-a8b1-70ce-8a00-99700be247a3.webp,https://api.websim.com/blobs/019b5c00-a8b1-70ce-8a00-99700be247a3.webp
247,Minnie Mouse,Mickey Mouse,019b5c10-42c3-730f-9c30-77d90bcf47bd.png,https://api.websim.com/blobs/019b5c10-42c3-730f-9c30-77d90bcf47bd.png
248,Donald Duck,Mickey Mouse,019b5c0e-b2bc-733e-84a2-68c94825472e.webp,https://api.websim.com/blobs/019b5c0e-b2bc-733e-84a2-68c94825472e.webp
249,Frog,Chrono Trigger,019b5c21-583c-7206-b8b3-10277f340b95.webp,https://api.websim.com/blobs/019b5c21-583c-7206-b8b3-10277f340b95.webp
250,Michael,E.T. the Extra-Terrestrial,019b5c21-46b8-764b-913a-3603b7185434.webp,https://api.websim.com/blobs/019b5c21-46b8-764b-913a-3603b7185434.webp
251,Thragg,Invincible,019b5be9-d3fd-7705-b137-98089100242d.webp,https://api.websim.com/blobs/019b5be9-d3fd-7705-b137-98089100242d.webp
252,Arceus,Pokemon,019b5be4-5207-74ae-b077-4874fc96adbd.png,https://api.websim.com/blobs/019b5be4-5207-74ae-b077-4874fc96adbd.png
253,Eleven,Stranger Things,019b5c17-9b45-70b4-bd0c-387ca0881762.png,https://api.websim.com/blobs/019b5c17-9b45-70b4-bd0c-387ca0881762.png
254,Jane Margolis,Breaking Bad,019b5c15-9832-726a-80a2-59afebb42ee8.webp,https://api.websim.com/blobs/019b5c15-9832-726a-80a2-59afebb42ee8.webp
255,Benson,Regular Show,019b5bee-bf71-767e-b635-0c3b268fd6d8.webp,https://api.websim.com/blobs/019b5bee-bf71-767e-b635-0c3b268fd6d8.webp
256,Maddie Fenton,Danny Phantom,019b5bf0-fd60-71ce-ae8f-0cbc53b4b9c4.webp,https://api.websim.com/blobs/019b5bf0-fd60-71ce-ae8f-0cbc53b4b9c4.webp
257,Don-Chan,Taiko No Tatsujin,019b5c15-ddb0-763c-8f86-837791ad898e.webp,https://api.websim.com/blobs/019b5c15-ddb0-763c-8f86-837791ad898e.webp
258,Tatsuki Arisawa,Bleach,019b5b98-21c0-7068-b5e3-dc402dfa346d.webp,https://api.websim.com/blobs/019b5b98-21c0-7068-b5e3-dc402dfa346d.webp
259,Puss in Boots,Puss in Boots,019b5b98-8f19-72eb-8afd-e43dfe6f4507.png,https://api.websim.com/blobs/019b5b98-8f19-72eb-8afd-e43dfe6f4507.png
260,Jason Voorhees,Friday: The 13th,019b5b97-8bc6-741a-b782-c908c3c2558b.jpg,https://api.websim.com/blobs/019b5b97-8bc6-741a-b782-c908c3c2558b.jpg
261,Trunks,Dragon Ball Z,019b5b97-dbb6-752c-a290-82bd33b3668b.webp,https://api.websim.com/blobs/019b5b97-dbb6-752c-a290-82bd33b3668b.webp
262,Android 18,Dragon Ball Z,019b5b98-02db-7428-afea-8eddfbab529a.webp,https://api.websim.com/blobs/019b5b98-02db-7428-afea-8eddfbab529a.webp
263,Frieza,Dragon Ball Z,019b5b68-c6cc-713e-bb97-cdc38a7a2727.png,https://api.websim.com/blobs/019b5b68-c6cc-713e-bb97-cdc38a7a2727.png
264,Knuckles,Sonic the Hedgehog,019b5c21-94c2-74cf-bed9-373275561a06.webp,https://api.websim.com/blobs/019b5c21-94c2-74cf-bed9-373275561a06.webp
265,Tao,Gunfire Reborn,019b5bf2-9c43-70c6-906a-5613c04bc576.jpg,https://api.websim.com/blobs/019b5bf2-9c43-70c6-906a-5613c04bc576.jpg
266,Crown Prince,Gunfire Reborn,019b5c15-b7d1-72ae-8b58-5941ee574f38.png,https://api.websim.com/blobs/019b5c15-b7d1-72ae-8b58-5941ee574f38.png
267,Li,Gunfire Reborn,019b4bbc-b106-767b-b6d3-9cf6989f5c1f.png,https://api.websim.com/blobs/019b4bbc-b106-767b-b6d3-9cf6989f5c1f.png
268,Richard,Unikitty!,019b4bd0-ed1e-77b4-b7a7-780c58f40975.webp,https://api.websim.com/blobs/019b4bd0-ed1e-77b4-b7a7-780c58f40975.webp
269,Tom,Tom and Jerry,019b497b-c41a-7658-b976-bb5949a015a2.webp,https://api.websim.com/blobs/019b497b-c41a-7658-b976-bb5949a015a2.webp
270,Jerry,Tom and Jerry,019b497b-2d83-70d6-a250-0bb830d0a8be.webp,https://api.websim.com/blobs/019b497b-2d83-70d6-a250-0bb830d0a8be.webp
271,Kakashi Uzumaki,Naruto,019b497b-5f4f-727d-825c-04db97b6c6d1.webp,https://api.websim.com/blobs/019b497b-5f4f-727d-825c-04db97b6c6d1.webp
272,Sasuke Uchiha,Naruto,019b497b-9f20-709d-b56d-c53c4014d673.webp,https://api.websim.com/blobs/019b497b-9f20-709d-b56d-c53c4014d673.webp
273,Buttercup,Powerpuff Girls,019b497b-44f6-74cf-bcbc-5b87572f2945.webp,https://api.websim.com/blobs/019b497b-44f6-74cf-bcbc-5b87572f2945.webp
274,Skulker,Danny Phantom,019b497b-7386-74c3-a9f5-1315640b456a.webp,https://api.websim.com/blobs/019b497b-7386-74c3-a9f5-1315640b456a.webp
275,Stan Marsh,South Park,019b466e-7784-77a4-b7e2-e5ad83b6fc20.webp,https://api.websim.com/blobs/019b466e-7784-77a4-b7e2-e5ad83b6fc20.webp
276,Wendy Testaburger,South Park,019b5d0c-a981-7499-b6c1-1b1a1331e72c.png,https://api.websim.com/blobs/019b5d0c-a981-7499-b6c1-1b1a1331e72c.png
277,Kyubey,Madoka Magica,019b4901-5180-716d-a6f4-62d433f6ed3b.png,https://api.websim.com/blobs/019b4901-5180-716d-a6f4-62d433f6ed3b.png
278,Angela,ATLYSS,019b466d-5157-739d-9f49-c790d082a024.png,https://api.websim.com/blobs/019b466d-5157-739d-9f49-c790d082a024.png
279,Vivian,ATLYSS,019b466d-64bd-7717-b969-d6a081425afd.webp,https://api.websim.com/blobs/019b466d-64bd-7717-b969-d6a081425afd.webp
280,Ben Tennyson,Ben 10,019b466e-5b22-709d-a69c-290e549ed6c5.webp,https://api.websim.com/blobs/019b466e-5b22-709d-a69c-290e549ed6c5.webp
281,Bruce Wayne,Batman: The Animated Series,019b466e-3b4b-75b5-af07-3a73e5499fa6.jpg,https://api.websim.com/blobs/019b466e-3b4b-75b5-af07-3a73e5499fa6.jpg
282,Bobette,Dandy's World,019b466e-28b4-7485-8197-8622e58ed304.webp,https://api.websim.com/blobs/019b466e-28b4-7485-8197-8622e58ed304.webp
283,Dandy,Dandy's World,019bb0b4-e2da-778e-9c17-9c401e1787c5.webp,https://api.websim.com/blobs/019bb0b4-e2da-778e-9c17-9c401e1787c5.webp
284,Kyle Reese,The Terminator,019b44ed-15ba-75cf-b9f7-a98901a69822.png,https://api.websim.com/blobs/019b44ed-15ba-75cf-b9f7-a98901a69822.png
285,Itachi Uchiha,Naruto,019b44bb-59bd-70ba-8642-205d1281f521.webp,https://api.websim.com/blobs/019b44bb-59bd-70ba-8642-205d1281f521.webp
286,Jesse Pinkman,Breaking Bad,019b44bb-8845-723b-8f7f-33dc2caaa98f.webp,https://api.websim.com/blobs/019b44bb-8845-723b-8f7f-33dc2caaa98f.webp
287,Darth Vader,Star Wars,019b44bb-9dc5-70fc-b900-a4ce84e3e1c6.jpg,https://api.websim.com/blobs/019b44bb-9dc5-70fc-b900-a4ce84e3e1c6.jpg
288,Luke Skywalker,Star Wars,019b44cf-5a86-7531-82d2-a8d793013c7f.png,https://api.websim.com/blobs/019b44cf-5a86-7531-82d2-a8d793013c7f.png
289,Han Solo,Star Wars,019b5e69-d3e1-726f-acbf-5f886ed702d7.jpg,https://api.websim.com/blobs/019b5e69-d3e1-726f-acbf-5f886ed702d7.jpg
290,Princess Leia,Star Wars,019b44bb-b02b-76dc-aa0f-f5781dc9fcc4.jpg,https://api.websim.com/blobs/019b44bb-b02b-76dc-aa0f-f5781dc9fcc4.jpg
291,Lop,Star Wars,019b4198-807d-738c-bf71-d4c76f82400a.png,https://api.websim.com/blobs/019b4198-807d-738c-bf71-d4c76f82400a.png
292,Ridley,Metroid,019b44bb-7a40-77fa-b121-b1e5f2baa377.webp,https://api.websim.com/blobs/019b44bb-7a40-77fa-b121-b1e5f2baa377.webp
293,Azula,Avatar: The Last Airbender,019b4171-f64a-756c-a2ec-e0d72b78f346.webp,https://api.websim.com/blobs/019b4171-f64a-756c-a2ec-e0d72b78f346.webp
294,Toph,Avatar: The Last Airbender,019b4171-df19-74df-a614-bd098b197025.webp,https://api.websim.com/blobs/019b4171-df19-74df-a614-bd098b197025.webp
295,Vegeta,Dragon Ball Z,019b4172-10a3-76aa-8454-827a499d1319.jpg,https://api.websim.com/blobs/019b4172-10a3-76aa-8454-827a499d1319.jpg
296,Scarecrow,Batman: The Animated Series,019b5e67-d8f0-7474-9fab-31b0243b6a01.webp,https://api.websim.com/blobs/019b5e67-d8f0-7474-9fab-31b0243b6a01.webp
297,Roll,Mega Man,019b4171-b613-719b-9282-ab674de548c2.webp,https://api.websim.com/blobs/019b4171-b613-719b-9282-ab674de548c2.webp
298,GIR,Invader Zim,019b4171-a1de-77c9-8a29-d45376baa2cd.webp,https://api.websim.com/blobs/019b4171-a1de-77c9-8a29-d45376baa2cd.webp
299,HIM,Powerpuff Girls,019b4168-9096-7709-8a74-3028dda6bc2e.png,https://api.websim.com/blobs/019b4168-9096-7709-8a74-3028dda6bc2e.png
300,Ice King,Adventure Time,019b4168-e58c-71e3-8de1-b760b81d1554.webp,https://api.websim.com/blobs/019b4168-e58c-71e3-8de1-b760b81d1554.webp
301,Mega Man,Mega Man,019b4169-cdc3-7150-a7a1-a0a1b9a4608d.webp,https://api.websim.com/blobs/019b4169-cdc3-7150-a7a1-a0a1b9a4608d.webp
302,Bart Simpson,The Simpsons,019b4169-f433-7749-8473-64a19fc65d48.webp,https://api.websim.com/blobs/019b4169-f433-7749-8473-64a19fc65d48.webp
303,Renji Abarai,Bleach,019b5e69-40af-77dd-8fa8-42d432d36447.webp,https://api.websim.com/blobs/019b5e69-40af-77dd-8fa8-42d432d36447.webp
304,Goku,Dragon Ball Z,019b4161-8fde-702f-88c0-4e4428fe25cf.jpg,https://api.websim.com/blobs/019b4161-8fde-702f-88c0-4e4428fe25cf.jpg
305,Ellen,Zenless Zone Zeno,019b4132-0111-7143-af84-345174749511.png,https://api.websim.com/blobs/019b4132-0111-7143-af84-345174749511.png
306,Pulchra,Zenless Zone Zeno,019b4131-45c7-7737-9e4a-626e6cea0871.webp,https://api.websim.com/blobs/019b4131-45c7-7737-9e4a-626e6cea0871.webp
307,Ike,South Park,019b4126-daad-701d-ae9f-bb320c70583e.png,https://api.websim.com/blobs/019b4126-daad-701d-ae9f-bb320c70583e.png
308,Kyle Broflovski,South Park,019b4169-ad19-7439-b23c-9ea45d5e92e2.png,https://api.websim.com/blobs/019b4169-ad19-7439-b23c-9ea45d5e92e2.png
309,Unikitty,Unikitty!,019b4130-9654-7174-8c12-2dba635cfa79.jpg,https://api.websim.com/blobs/019b4130-9654-7174-8c12-2dba635cfa79.jpg
310,Billy,Zenless Zone Zeno,019b412f-13f5-72e2-ac1b-f9b6c8021649.webp,https://api.websim.com/blobs/019b412f-13f5-72e2-ac1b-f9b6c8021649.webp
311,Piccolo,Dragon Ball Z,019b5d08-bd2e-705a-8cec-6d68a143b1c1.jpg,https://api.websim.com/blobs/019b5d08-bd2e-705a-8cec-6d68a143b1c1.jpg
312,Krusty The Clown,The Simpsons,019b4131-a088-771e-97c2-09496b3d4fa6.png,https://api.websim.com/blobs/019b4131-a088-771e-97c2-09496b3d4fa6.png
313,Rukia Kuchiki,Bleach,019b244d-ff71-7619-a3aa-5498efa2c970.jpg,https://api.websim.com/blobs/019b244d-ff71-7619-a3aa-5498efa2c970.jpg
314,Charlie Morningstar,Hazbin Hotel,019b4198-53d2-752d-9623-f599d0cddf8e.webp,https://api.websim.com/blobs/019b4198-53d2-752d-9623-f599d0cddf8e.webp
315,Venom,Spider-Man,019b5e68-444b-757d-b77f-e0f196d8f0d2.png,https://api.websim.com/blobs/019b5e68-444b-757d-b77f-e0f196d8f0d2.png
316,Cyborg,Teen Titans,019b416a-3973-75d5-8974-50d488f19e0a.webp,https://api.websim.com/blobs/019b416a-3973-75d5-8974-50d488f19e0a.webp
317,Meloetta,Pokemon,019b2442-0549-752e-93b5-6d1980b713d5.png,https://api.websim.com/blobs/019b2442-0549-752e-93b5-6d1980b713d5.png
318,Mojo Jojo,Powerpuff Girls,019b4168-d23b-7776-8605-4cb497c98041.webp,https://api.websim.com/blobs/019b4168-d23b-7776-8605-4cb497c98041.webp
319,Debbie Grayson,Invincible,019b4130-f1d2-71cf-be9f-aa455010bbc0.png,https://api.websim.com/blobs/019b4130-f1d2-71cf-be9f-aa455010bbc0.png
320,Road Runner,Looney Toons,019b23e5-fa79-725b-a8f8-0bb8a682e88f.webp,https://api.websim.com/blobs/019b23e5-fa79-725b-a8f8-0bb8a682e88f.webp
321,Lola Bunny,Looney Toons,019b23fe-3818-7721-ad39-08d5dd2bb38a.webp,https://api.websim.com/blobs/019b23fe-3818-7721-ad39-08d5dd2bb38a.webp
322,Rocko,Rock's Modern Life,019b23ff-a600-74ad-9646-aeef61a53b04.jpg,https://api.websim.com/blobs/019b23ff-a600-74ad-9646-aeef61a53b04.jpg
323,Ichigo,Bleach,019b2402-9727-770a-a001-ef8e1e42a5d2.png,https://api.websim.com/blobs/019b2402-9727-770a-a001-ef8e1e42a5d2.png
324,Orihime Inoue,Bleach,019b23ff-533a-773b-a578-486ec1b1d69e.png,https://api.websim.com/blobs/019b23ff-533a-773b-a578-486ec1b1d69e.png
325,Ganon,The Legend of Zelda (A link to The Past),019b23fb-a8f4-7039-922a-9c1fbec37150.webp,https://api.websim.com/blobs/019b23fb-a8f4-7039-922a-9c1fbec37150.webp
326,Momo,Avatar: The Last Airbender,019b23ff-eaa1-74ba-9b4e-027b630a1161.webp,https://api.websim.com/blobs/019b23ff-eaa1-74ba-9b4e-027b630a1161.webp
327,Elliott,E.T. the Extra-Terrestrial,019b2400-337a-77f9-8125-61676a20033f.webp,https://api.websim.com/blobs/019b2400-337a-77f9-8125-61676a20033f.webp
328,Brusha,Dandy's World,019bb0b5-01df-74c6-b1c7-24c4477bf46d.webp,https://api.websim.com/blobs/019bb0b5-01df-74c6-b1c7-24c4477bf46d.webp
329,Effie Trinket,The Hunger Games,019b234f-0cc9-76f5-acaf-c071e65a78b6.png,https://api.websim.com/blobs/019b234f-0cc9-76f5-acaf-c071e65a78b6.png
330,Cato,The Hunger Games,019b2353-ab41-7166-8c3d-73244e6a50ea.png,https://api.websim.com/blobs/019b2353-ab41-7166-8c3d-73244e6a50ea.png
331,Haymitch Abernathy,The Hunger Games,019b235e-4fcc-7087-94fc-f5cc69f5dc71.png,https://api.websim.com/blobs/019b235e-4fcc-7087-94fc-f5cc69f5dc71.png
332,Vilgax,Ben 10,019b2357-3756-7372-a7f6-d8a59468bb58.png,https://api.websim.com/blobs/019b2357-3756-7372-a7f6-d8a59468bb58.png
333,Tucker Foley,Danny Phantom,019b4169-2c99-772f-a31e-60d00f2f7634.webp,https://api.websim.com/blobs/019b4169-2c99-772f-a31e-60d00f2f7634.webp
334,Alfred,Batman: The Animated Series,019b235b-ed6d-730e-aca6-3fee85f98713.png,https://api.websim.com/blobs/019b235b-ed6d-730e-aca6-3fee85f98713.png
335,Vee,Dandy's World,019bb0b4-b9e3-74bf-a8be-dfb772eee538.png,https://api.websim.com/blobs/019bb0b4-b9e3-74bf-a8be-dfb772eee538.png
336,Danny Phantom,Danny Phantom,019b1e30-ee6a-719d-88d5-fac0f9c17139.png,https://api.websim.com/blobs/019b1e30-ee6a-719d-88d5-fac0f9c17139.png
337,Poison Ivy,Batman: The Animated Series,019b1e33-3af5-723a-ac5c-95c3a528d558.png,https://api.websim.com/blobs/019b1e33-3af5-723a-ac5c-95c3a528d558.png
338,Toon Link,Windwaker,019b1e35-7b9a-736a-843d-d3d2312765b5.png,https://api.websim.com/blobs/019b1e35-7b9a-736a-843d-d3d2312765b5.png
339,Yatta,Dandy's World,019bb0b4-d00a-742e-abfd-f70552bf6039.png,https://api.websim.com/blobs/019bb0b4-d00a-742e-abfd-f70552bf6039.png
340,Blot,Dandy's World,019b1e39-5e7b-7588-b8d5-5ae13bed9ced.webp,https://api.websim.com/blobs/019b1e39-5e7b-7588-b8d5-5ae13bed9ced.webp
341,Sukuna,Jujutsu Kaisen,019b5e67-f729-726f-a9d5-3180eac7607a.webp,https://api.websim.com/blobs/019b5e67-f729-726f-a9d5-3180eac7607a.webp
342,Leo,VGCats,019b1e41-2722-761c-832e-c19abcfa0f3e.png,https://api.websim.com/blobs/019b1e41-2722-761c-832e-c19abcfa0f3e.png
343,Aeris,VGCats,019b5d06-0f25-7039-a2e1-70881db4eca3.png,https://api.websim.com/blobs/019b5d06-0f25-7039-a2e1-70881db4eca3.png
344,Zuko,Avatar: The Last Airbender,019b1b47-b728-7549-802c-a93d2746b581.png,https://api.websim.com/blobs/019b1b47-b728-7549-802c-a93d2746b581.png
345,Astro,Dandy's World,019b1b84-beb0-713a-8b2f-0e9f2e4260c2.webp,https://api.websim.com/blobs/019b1b84-beb0-713a-8b2f-0e9f2e4260c2.webp
346,Danny Fenton,Danny Phantom,019b1b50-6529-77fc-af77-c47c86163d26.png,https://api.websim.com/blobs/019b1b50-6529-77fc-af77-c47c86163d26.png
347,Robin,Batman: The Animated Series,019b1b7f-ccfb-73ad-9905-c9125f22ccbf.png,https://api.websim.com/blobs/019b1b7f-ccfb-73ad-9905-c9125f22ccbf.png
348,Sam Manson,Danny Phantom,019b466e-0efc-7707-9f66-0a4c30d4b88e.webp,https://api.websim.com/blobs/019b466e-0efc-7707-9f66-0a4c30d4b88e.webp
349,Ember Mclain,Danny Phantom,019b23df-8c1e-721d-8e17-ae9e158e506c.png,https://api.websim.com/blobs/019b23df-8c1e-721d-8e17-ae9e158e506c.png
350,Sarah Conner,The Terminator,019b1b87-0a69-741f-8f5c-b8083798bc1a.png,https://api.websim.com/blobs/019b1b87-0a69-741f-8f5c-b8083798bc1a.png
351,Bubbles,Powerpuff Girls,019b1b6f-feef-73af-a91f-84bee75333d4.png,https://api.websim.com/blobs/019b1b6f-feef-73af-a91f-84bee75333d4.png
352,Gojo Satoru,Jujutsu Kaisen,019b1b70-f584-76b2-a98d-3a248028b928.png,https://api.websim.com/blobs/019b1b70-f584-76b2-a98d-3a248028b928.png
353,Megumi Fushiguro,Jujutsu Kaisen,019b1b72-a6e9-734d-8f1d-74abeb2bb132.png,https://api.websim.com/blobs/019b1b72-a6e9-734d-8f1d-74abeb2bb132.png
354,Von Lycaon,Zenless Zone Zeno,019b1b75-e260-70da-9ec7-407a9fe7ef53.png,https://api.websim.com/blobs/019b1b75-e260-70da-9ec7-407a9fe7ef53.png
355,Maki Zenin,Jujutsu Kaisen,019b1b76-e1b4-74ab-8207-cd892ca1e7f7.png,https://api.websim.com/blobs/019b1b76-e1b4-74ab-8207-cd892ca1e7f7.png
356,Ashley Graham,Resident Evil,019b5d0d-9f82-733d-8202-3419b8ae4b20.png,https://api.websim.com/blobs/019b5d0d-9f82-733d-8202-3419b8ae4b20.png
357,Leon Scott Kennedy,Resident Evil,019b1b64-b759-716e-ad3f-cefa5c712204.png,https://api.websim.com/blobs/019b1b64-b759-716e-ad3f-cefa5c712204.png
358,Albert Wesker,Resident Evil,019bb0b3-ddff-742e-bf0f-036f248548c2.webp,https://api.websim.com/blobs/019bb0b3-ddff-742e-bf0f-036f248548c2.webp
359,Atom Eve,Invincible,019b1d97-8509-72d2-9dfc-90844891bc45.png,https://api.websim.com/blobs/019b1d97-8509-72d2-9dfc-90844891bc45.png
360,Rex Splode,Invincible,019b1b68-c47b-7198-8065-95d33aeaa43f.png,https://api.websim.com/blobs/019b1b68-c47b-7198-8065-95d33aeaa43f.png
361,Lex Luthor,Superman: The Animated Series,019b1b6a-9f2f-70b9-b305-0fd10271ce77.png,https://api.websim.com/blobs/019b1b6a-9f2f-70b9-b305-0fd10271ce77.png
362,Sonic,Sonic the Hedgehog,019b1b4c-28a0-73d8-9aff-ef9aaa48af58.png,https://api.websim.com/blobs/019b1b4c-28a0-73d8-9aff-ef9aaa48af58.png
363,Doctor Octopus,Spider-Man,019b1b53-2af8-771b-846c-55e748b15641.png,https://api.websim.com/blobs/019b1b53-2af8-771b-846c-55e748b15641.png
364,Shadow the Hedgehog,Sonic the Hedgehog,019b1b55-bf2c-718e-843c-a4a7f3573fb1.png,https://api.websim.com/blobs/019b1b55-bf2c-718e-843c-a4a7f3573fb1.png
365,Rogue the Bat,Sonic the Hedgehog,019b5d06-62b4-7583-9219-d229d12864bf.png,https://api.websim.com/blobs/019b5d06-62b4-7583-9219-d229d12864bf.png
366,Link,The Legend of Zelda (A link to The Past),019b1b1e-6cb4-7718-a2c6-98e98b527eb4.png,https://api.websim.com/blobs/019b1b1e-6cb4-7718-a2c6-98e98b527eb4.png
367,Spider-Man,Spider-Man,019b1dab-8caa-730c-a96f-28dbd33121bb.png,https://api.websim.com/blobs/019b1dab-8caa-730c-a96f-28dbd33121bb.png
368,Vox,Hazbin Hotel,019b1b21-b965-7498-ac92-df1ebae8159b.png,https://api.websim.com/blobs/019b1b21-b965-7498-ac92-df1ebae8159b.png
369,Blossom,Powerpuff Girls,019b23dd-a3cc-71c1-8dde-587676bb4e4c.png,https://api.websim.com/blobs/019b23dd-a3cc-71c1-8dde-587676bb4e4c.png
370,Porkey Pig,Looney Toons,019b1b2f-6937-75e9-ab79-bf1aafbffc42.png,https://api.websim.com/blobs/019b1b2f-6937-75e9-ab79-bf1aafbffc42.png
371,Terminator,The Terminator,019b44e0-2b21-74bd-9306-d346be7eaf8c.jpg,https://api.websim.com/blobs/019b44e0-2b21-74bd-9306-d346be7eaf8c.jpg
372,Toon Zelda,Windwaker,019b1b33-607e-761a-a566-61ffd4d54e6c.webp,https://api.websim.com/blobs/019b1b33-607e-761a-a566-61ffd4d54e6c.webp
373,Walter White,Breaking Bad,019b1b12-c1ee-724f-944a-ddd0e4800de0.png,https://api.websim.com/blobs/019b1b12-c1ee-724f-944a-ddd0e4800de0.png
374,Penguin,Batman: The Animated Series,019b1b14-8026-77bc-bb81-28f07399c339.png,https://api.websim.com/blobs/019b1b14-8026-77bc-bb81-28f07399c339.png
375,Harley quinn,Batman: The Animated Series,019b1b01-6c7f-738d-9e9a-423676174fa4.png,https://api.websim.com/blobs/019b1b01-6c7f-738d-9e9a-423676174fa4.png
376,E.T.,E.T. the Extra-Terrestrial,019b1b03-09cc-74fe-9484-fb8bbb3e8c12.png,https://api.websim.com/blobs/019b1b03-09cc-74fe-9484-fb8bbb3e8c12.png
377,Eric Cartman,South Park,019b1b04-c320-7437-9395-d3736a4b1b10.webp,https://api.websim.com/blobs/019b1b04-c320-7437-9395-d3736a4b1b10.webp
378,Towelie,South Park,019b1b06-a10a-76fa-9cad-d7e3f1487235.png,https://api.websim.com/blobs/019b1b06-a10a-76fa-9cad-d7e3f1487235.png
379,Sokka,Avatar: The Last Airbender,019b1b08-6637-743c-8299-6f1c68f01f0e.png,https://api.websim.com/blobs/019b1b08-6637-743c-8299-6f1c68f01f0e.png
380,Daffy Duck,Looney Toons,019b1b0a-3b31-72bc-ad6a-085268872e0d.png,https://api.websim.com/blobs/019b1b0a-3b31-72bc-ad6a-085268872e0d.png
381,Doc Brown,Back to The Future,019b5d08-63d7-7219-a01d-957581eae9da.png,https://api.websim.com/blobs/019b5d08-63d7-7219-a01d-957581eae9da.png
382,Mr. Freeze,Batman: The Animated Series,019b1adb-2103-7111-a282-5e374caa90bd.png,https://api.websim.com/blobs/019b1adb-2103-7111-a282-5e374caa90bd.png
383,Jill Valentine,Resident Evil,019b1ade-785a-77e5-9b3a-9d97d82788c0.png,https://api.websim.com/blobs/019b1ade-785a-77e5-9b3a-9d97d82788c0.png
384,Omniman,Invincible,019b1daa-6b61-7581-8990-b70896d5a912.png,https://api.websim.com/blobs/019b1daa-6b61-7581-8990-b70896d5a912.png
385,Amy Rose,Sonic the Hedgehog,019b1e22-af80-72da-a69f-d71932c9370d.png,https://api.websim.com/blobs/019b1e22-af80-72da-a69f-d71932c9370d.png
386,Superman,Superman: The Animated Series,019b1abe-8dab-752c-a076-0094fcd37364.png,https://api.websim.com/blobs/019b1abe-8dab-752c-a076-0094fcd37364.png
387,Ferdinand,Fire Emblem: Three Houses,019b1ac0-5f1f-76ab-8e03-3bfcfda9a68c.png,https://api.websim.com/blobs/019b1ac0-5f1f-76ab-8e03-3bfcfda9a68c.png
388,Bugs Bunny,Looney Toons,019b1ac3-a158-775f-9c1a-42c4d30cbdb3.png,https://api.websim.com/blobs/019b1ac3-a158-775f-9c1a-42c4d30cbdb3.png
389,Gale Hawthorne,The Hunger Games,019b1ac4-d9f5-73cb-94ef-84deab07850a.webp,https://api.websim.com/blobs/019b1ac4-d9f5-73cb-94ef-84deab07850a.webp
390,Katara,Avatar: The Last Airbender,019b1a9a-3ed4-771b-b8f2-679f6f1785e0.png,https://api.websim.com/blobs/019b1a9a-3ed4-771b-b8f2-679f6f1785e0.png
391,Niffty,Hazbin Hotel,019b1e13-27b7-739e-a52d-5f4b6b52dcfe.png,https://api.websim.com/blobs/019b1e13-27b7-739e-a52d-5f4b6b52dcfe.png
392,Peeta Mellark,The Hunger Games,019b1aa2-297f-7031-8f7b-0d4d86300419.png,https://api.websim.com/blobs/019b1aa2-297f-7031-8f7b-0d4d86300419.png
393,Edelgard,Fire Emblem: Three Houses,019b1eaa-9531-72aa-ae08-591bda2de895.png,https://api.websim.com/blobs/019b1eaa-9531-72aa-ae08-591bda2de895.png
394,Alastor,Hazbin Hotel,019b1aa5-1dc5-715d-9617-6ffa3ed24503.png,https://api.websim.com/blobs/019b1aa5-1dc5-715d-9617-6ffa3ed24503.png
395,Batman,Batman: The Animated Series,019b1dea-3b39-70a3-96a8-7453e7eb7406.png,https://api.websim.com/blobs/019b1dea-3b39-70a3-96a8-7453e7eb7406.png
396,Tails the Fox,Sonic the Hedgehog,019b1dde-516c-71db-abca-c49840a3c421.png,https://api.websim.com/blobs/019b1dde-516c-71db-abca-c49840a3c421.png
397,Katniss Everdeen,The Hunger Games,019b1a76-4e65-768d-abb3-8d616c658f96.png,https://api.websim.com/blobs/019b1a76-4e65-768d-abb3-8d616c658f96.png
398,Aang,Avatar: The Last Airbender,019b5d06-205c-7498-82ce-590aae9a892e.png,https://api.websim.com/blobs/019b5d06-205c-7498-82ce-590aae9a892e.png
399,Mark Grayson,Invincible,019b1a7b-82b8-75de-9de8-717a0bf429b8.png,https://api.websim.com/blobs/019b1a7b-82b8-75de-9de8-717a0bf429b8.png
400,Zelda,The Legend of Zelda (A link to The Past),019b1da7-6673-76db-ae68-c6721ae9b15a.png,https://api.websim.com/blobs/019b1da7-6673-76db-ae68-c6721ae9b15a.png
401,Dib,Invader Zim,019b1a80-9321-721b-8b2e-04179165c89f.png,https://api.websim.com/blobs/019b1a80-9321-721b-8b2e-04179165c89f.png
402,Jenny Wakeman,My Life as a Teenage Robot,019b1a85-559a-76da-8830-a565abc4af4b.png,https://api.websim.com/blobs/019b1a85-559a-76da-8830-a565abc4af4b.png
403,Gus Fring,Breaking Bad,019b1a87-c02b-750c-9dc4-6a156c60237d.png,https://api.websim.com/blobs/019b1a87-c02b-750c-9dc4-6a156c60237d.png
404,Marty Mcfly,Back to The Future,019b1a8c-024d-73cf-bd40-7b577c9587be.png,https://api.websim.com/blobs/019b1a8c-024d-73cf-bd40-7b577c9587be.png
405,The Joker,Batman: The Animated Series,019b1a8e-ab52-767f-851b-c0dd23bcf90e.webp,https://api.websim.com/blobs/019b1a8e-ab52-767f-851b-c0dd23bcf90e.webp
406,Powdered Toast Man,Ren And Stimpy,019b1a8f-6f35-76c8-9d41-c76b5723c08b.png,https://api.websim.com/blobs/019b1a8f-6f35-76c8-9d41-c76b5723c08b.png
407,Samus Aran,Metroid,019b1a90-aa55-74ea-a63a-2ccff96957ad.png,https://api.websim.com/blobs/019b1a90-aa55-74ea-a63a-2ccff96957ad.png
